{"min": [30.79502711, 17.71947778, 72.57233893, 4.234941789, 9.431668628], "max": [69.89339192, 29.52993065, 496.4464694, 115.8772087, 201.5679503], "features": ["Humidity", "Temperature", "VOC", "PM2.5", "PM10"]}